business_name,phone,email,address,website,category,rating,review_count,price_range,neighborhood,hours,description,scraped_date,source
Wingstar Travels,(844) 405-1332,info@wingstartravels.com,,https://www.wingstartravels.com/,Travel AgenciesAirline Ticket Agencies,4.2,38,$,Yellow Pages Listed,,,2025-09-10 17:38:25,Yellow Pages
Airline Reservation Hotline,(800) 573-2452,contact@airlinereservation.com,,/nationwide/mip/airline-reservation-hotline-564918182?lid=1002055526203,Travel AgenciesAirlinesAirline Ticket Agencies,3.8,67,$$$,Yellow Pages Listed,,,2025-09-10 17:38:25,Yellow Pages
Wingstar Travels,(844) 405-1332,info@wingstartravels.com,,https://www.wingstartravels.com,Travel AgenciesAirline Ticket Agencies,4.0,77,$$$,Yellow Pages Listed,,,2025-09-10 17:38:25,Yellow Pages
Airline Reservation Hotline,(800) 573-2452,contact@airlinereservation.com,,/nationwide/mip/airline-reservation-hotline-564918182?lid=1002055526203,Travel AgenciesAirline Ticket AgenciesAirlines,3.7,184,$$,Yellow Pages Listed,,,2025-09-10 17:38:25,Yellow Pages
Cheap Flight Network,(877) 594-1945,contact@cheapflight.com,,/nationwide/mip/cheap-flight-network-569974307?lid=1002119131034,Travel AgenciesAirline Ticket Agencies,4.1,52,$$$,Yellow Pages Listed,,,2025-09-10 17:38:25,Yellow Pages
Silhouette Bus Tours and Travel,(718) 230-5725,info@silhouettetoursandtravel.com,1061 Atlantic Ave,http://www.silhouettetoursandtravel.com,Travel AgenciesTourist Information & AttractionsEducational Services,4.7,102,$,Yellow Pages Listed,,,2025-09-10 17:38:25,Yellow Pages
One Nation Travel Turkey,(800) 961-5117,tour@onenationtravel.com,255 W 36th St Rm 800,http://www.allistanbultours.com,Travel AgenciesTours-Operators & PromotersSightseeing Tours,4.4,93,$,Yellow Pages Listed,,,2025-09-10 17:38:25,Yellow Pages
Fei Yang Travel Corp,(212) 202-1668,info@feiyangtravel.com,195 Canal St,http://feiyangtravel.com,Travel Agencies,4.7,190,$,Yellow Pages Listed,,,2025-09-10 17:38:25,Yellow Pages
Protravel International,(212) 755-4550,info@protravelinc.com,515 Madison Ave Fl 38,http://protravelinc.com,Travel Agencies,4.7,193,$$,Yellow Pages Listed,,,2025-09-10 17:38:25,Yellow Pages
Happy Travel Inc,(212) 334-1888,,56 E Broadway,,Travel Agencies,4.5,141,$,Yellow Pages Listed,,,2025-09-10 17:38:25,Yellow Pages
Family Travel Inc,(212) 962-5300,info@familytravel.com,310 Greenwich St,https://www.familytravel.com,Travel Agencies,4.9,138,$$$,Yellow Pages Listed,,,2025-09-10 17:38:25,Yellow Pages
Pacific Holidays,(212) 629-3888,info@pacificholidaysinc.com,12 W 32nd St Fl 6,http://pacificholidaysinc.com,Travel Agencies,4.8,124,$$$,Yellow Pages Listed,,,2025-09-10 17:38:25,Yellow Pages
Prestige Tour & Travel,(212) 779-8371,,271 Madison Ave,,Travel AgenciesTours-Operators & Promoters,3.8,77,$$,Yellow Pages Listed,,,2025-09-10 17:38:25,Yellow Pages
Hellenic Holidays Inc,(212) 944-8288,info@hellenicholidays.com,1501 Broadway,https://www.hellenicholidays.com,Travel Agencies,4.7,46,$,Yellow Pages Listed,,,2025-09-10 17:38:25,Yellow Pages
Travelzoo Inc,(212) 516-1300,,590 Madison Ave,,Travel Agencies,4.0,192,$$,Yellow Pages Listed,,,2025-09-10 17:38:25,Yellow Pages
Pied Piper Travel,(718) 261-4596,info@piedpipertravel.com,330 W 42nd St,https://piedpipertravel.com/flyers/2-18-11.htm,Travel Agencies,4.4,91,$$$,Yellow Pages Listed,,,2025-09-10 17:38:25,Yellow Pages
Aspire Down Under,(212) 850-0946,info@aspiredownunder.com,441 Lexington Ave Rm 806,http://www.aspiredownunder.com,Travel AgenciesTours-Operators & Promoters,4.5,42,$$,Yellow Pages Listed,,,2025-09-10 17:38:25,Yellow Pages
Aviabilet Holding,(404) 547-9883,,300 W 44th St,,Travel Agencies,4.2,116,$$,Yellow Pages Listed,,,2025-09-10 17:38:25,Yellow Pages
Hernandez Multi-Service,(212) 569-3232,,264 Sherman Ave,,Travel Agencies,3.9,32,$$,Yellow Pages Listed,,,2025-09-10 17:38:25,Yellow Pages
Eurasia Travel Inc,(212) 279-1900,info@flytimetravel.com,1 W 34th St Rm 401,http://flytimetravel.com,Travel AgenciesAirline Ticket Agencies,4.8,46,$,Yellow Pages Listed,,,2025-09-10 17:38:25,Yellow Pages
Ultramar Travel Management Inc,(212) 856-5600,,14 E 47th St Fl 5,,Travel AgenciesAirline Ticket Agencies,4.0,120,$$$,Yellow Pages Listed,,,2025-09-10 17:38:25,Yellow Pages
Travel Dynamics Inc,(212) 517-7555,,132 E 70th St,,Travel AgenciesCruises,3.7,110,$$$,Yellow Pages Listed,,,2025-09-10 17:38:25,Yellow Pages
GTT International,(212) 349-8888,info@gttglobal.com,139 Centre St Ste 212,http://www.gttglobal.com,Travel AgenciesTravel Services-Commercial,3.8,101,$,Yellow Pages Listed,,,2025-09-10 17:38:25,Yellow Pages
Go Travel & Tour Inc,(212) 965-1333,,124 Hester St,,Travel AgenciesTours-Operators & Promoters,5.0,93,$$$,Yellow Pages Listed,,,2025-09-10 17:38:25,Yellow Pages
Projects Abroad,(212) 244-7234,info@projects-abroad.org,80 Broad St Ste 3210,http://projects-abroad.org,Travel Agencies,3.6,75,$,Yellow Pages Listed,,,2025-09-10 17:38:25,Yellow Pages
